{"cameraMode":{"drawMode":0,"name":"Shaded","section":"Shading Mode"},"sceneLighting":true,"audioPlay":false,"sceneViewState":{"m_AlwaysRefresh":false,"showFog":true,"showSkybox":true,"showFlares":true,"showImageEffects":true,"showParticleSystems":true,"showVisualEffectGraphs":true,"m_FxEnabled":true},"in2DMode":false,"pivot":{"x":1.2203437089920045,"y":3.258039951324463,"z":-1.838274359703064},"rotation":{"x":-0.024031948298215867,"y":0.9758057594299316,"z":-0.16310295462608338,"w":-0.1444663554430008},"size":10.815526008605957,"orthographic":true}